{"stats":{"minecraft:mined":{"duneons:creeperbanner":2,"minecraft:grass_block":1,"minecraft:dirt":6,"minecraft:stone_bricks":1,"minecraft:sweet_berry_bush":1,"minecraft:stone":11,"minecraft:spruce_leaves":94,"minecraft:spruce_log":22,"treechop:chopped_log":13,"minecraft:fern":1,"minecraft:crafting_table":1},"minecraft:dropped":{"minecraft:spruce_log":14},"minecraft:custom":{"minecraft:time_since_rest":1947,"minecraft:play_one_minute":15071,"minecraft:crouch_one_cm":2621,"minecraft:sprint_one_cm":22654,"minecraft:damage_taken":20,"minecraft:walk_one_cm":20403,"minecraft:sneak_time":992,"minecraft:drop":14,"minecraft:jump":129,"minecraft:time_since_death":15071,"minecraft:leave_game":1,"minecraft:sleep_in_bed":1,"minecraft:fall_one_cm":3174,"minecraft:interact_with_crafting_table":8,"minecraft:fly_one_cm":17940},"minecraft:picked_up":{"minecraft:crafting_table":1,"minecraft:stick":3,"minecraft:sweet_berries":3,"minecraft:stone_bricks":1,"minecraft:knowledge_book":1,"minecraft:spruce_sapling":3,"minecraft:spruce_log":36,"duneons:creeperbanner":2,"minecraft:dirt":7,"minecraft:cobblestone":22},"minecraft:crafted":{"minecraft:stone_axe":1,"minecraft:crafting_table":1,"minecraft:spruce_planks":64,"minecraft:stick":4,"minecraft:wooden_pickaxe":1,"minecraft:stone_pickaxe":1},"minecraft:used":{"minecraft:stone_axe":10,"minecraft:stone_pickaxe":1,"minecraft:spruce_planks":7,"minecraft:wooden_pickaxe":12}},"DataVersion":2586}