{"stats":{"minecraft:mined":{"minecraft:spruce_planks":2,"iceandfire:copper_pile":1,"minecraft:sweet_berry_bush":1,"minecraft:spruce_log":22,"treechop:chopped_log":13,"minecraft:crafting_table":1,"duneons:creeperbanner":4,"minecraft:jungle_stairs":3,"minecraft:grass":1,"minecraft:grass_block":1,"minecraft:coal_ore":18,"minecraft:jungle_planks":9,"minecraft:dirt":6,"minecraft:spruce_leaves":94,"minecraft:stone":14,"minecraft:stone_bricks":1,"minecraft:kelp":1,"minecraft:fern":1},"minecraft:dropped":{"iceandfire:copper_nugget":4,"minecraft:spruce_log":14,"inventorypets:pet_squid":1},"minecraft:custom":{"minecraft:time_since_rest":17851,"minecraft:sprint_one_cm":51936,"minecraft:damage_taken":20,"minecraft:walk_one_cm":46232,"minecraft:mob_kills":2,"minecraft:drop":16,"minecraft:damage_dealt":160,"minecraft:swim_one_cm":29936,"minecraft:interact_with_crafting_table":8,"minecraft:fly_one_cm":55919,"minecraft:open_chest":3,"minecraft:play_one_minute":30975,"minecraft:crouch_one_cm":5331,"minecraft:sneak_time":2833,"minecraft:walk_under_water_one_cm":3574,"minecraft:jump":312,"minecraft:leave_game":7,"minecraft:time_since_death":30975,"minecraft:walk_on_water_one_cm":5157,"minecraft:sleep_in_bed":1,"minecraft:fall_one_cm":8304},"minecraft:killed":{"minecraft:sheep":2},"minecraft:picked_up":{"minecraft:stick":3,"minecraft:crafting_table":1,"iceandfire:copper_nugget":4,"minecraft:sweet_berries":3,"minecraft:jungle_planks":8,"minecraft:knowledge_book":1,"minecraft:spruce_sapling":3,"minecraft:spruce_log":36,"minecraft:dirt":7,"inventorypets:pet_squid":1,"minecraft:stone_bricks":2,"minecraft:kelp":1,"minecraft:jungle_stairs":3,"minecraft:spruce_planks":2,"duneons:creeperbanner":4,"minecraft:mutton":4,"minecraft:coal":18,"minecraft:white_wool":2,"minecraft:cobblestone":25},"minecraft:crafted":{"minecraft:crafting_table":1,"minecraft:spruce_planks":64,"minecraft:stick":4,"minecraft:wooden_pickaxe":1,"minecraft:stone_pickaxe":1,"minecraft:torch":4,"minecraft:stone_axe":1},"minecraft:used":{"duneons:creeperbanner":2,"minecraft:stone_pickaxe":22,"minecraft:spruce_planks":7,"minecraft:wooden_pickaxe":12,"minecraft:stone_axe":29,"minecraft:mutton":4,"minecraft:sweet_berries":3}},"DataVersion":2586}