{"stats":{"minecraft:dropped":{"biomesoplenty:wildflower":2},"minecraft:picked_up":{"alexsmobs:emu_egg":1,"minecraft:feather":2,"minecraft:chicken":3,"biomesoplenty:wildflower":2,"minecraft:mutton":2,"minecraft:egg":1},"minecraft:custom":{"minecraft:jump":719,"minecraft:open_chest":1,"minecraft:time_since_rest":66934,"minecraft:crouch_one_cm":241,"minecraft:walk_on_water_one_cm":2239,"minecraft:damage_dealt":27,"minecraft:play_one_minute":66934,"minecraft:leave_game":2,"minecraft:sprint_one_cm":68366,"minecraft:time_since_death":66934,"minecraft:walk_one_cm":19645,"minecraft:sneak_time":218,"minecraft:walk_under_water_one_cm":2257,"minecraft:fall_one_cm":3404,"minecraft:drop":2,"minecraft:fly_one_cm":254821}},"DataVersion":2586}