{"stats":{"minecraft:broken":{"minecraft:wooden_axe":1},"minecraft:mined":{"minecraft:spruce_planks":2,"minecraft:red_bed":5,"minecraft:oak_door":1,"duneons:latticebriker":2,"minecraft:dandelion":1,"minecraft:poppy":3,"minecraft:chest":3,"minecraft:spruce_leaves":1006,"duneons:stoneworld":17,"minecraft:kelp":2,"minecraft:iron_door":2,"minecraft:spawner":1,"minecraft:large_fern":11,"minecraft:seagrass":2,"duneons:stackofbooks":1,"minecraft:sweet_berry_bush":2,"minecraft:spruce_log":151,"treechop:chopped_log":95,"minecraft:grass":13,"minecraft:dirt":1,"duneons:stonetablemap":1,"minecraft:stone_bricks":1,"minecraft:fern":3},"minecraft:custom":{"minecraft:mob_kills":42,"minecraft:interact_with_crafting_table":4,"minecraft:play_one_minute":61245,"minecraft:damage_dealt_resisted":7,"minecraft:leave_game":2,"minecraft:time_since_death":3144,"minecraft:climb_one_cm":30552,"minecraft:sleep_in_bed":2,"minecraft:time_since_rest":3174,"minecraft:sprint_one_cm":136681,"minecraft:damage_taken":7000,"minecraft:walk_one_cm":98286,"minecraft:drop":8,"minecraft:damage_dealt":6779,"minecraft:player_kills":1,"minecraft:swim_one_cm":58981,"minecraft:fly_one_cm":209483,"minecraft:open_chest":24,"minecraft:crouch_one_cm":17677,"minecraft:deaths":25,"minecraft:sneak_time":7945,"minecraft:walk_under_water_one_cm":21938,"minecraft:jump":1166,"minecraft:walk_on_water_one_cm":23369,"minecraft:fall_one_cm":42431},"minecraft:dropped":{"minecraft:sweet_berries":10,"minecraft:wheat_seeds":1,"alexsmobs:animal_dictionary":1,"minecraft:feather":5,"minecraft:stick":1,"minecraft:map":1,"minecraft:spruce_log":8,"minecraft:spruce_sapling":7},"minecraft:killed":{"minecraft:husk":2,"duneons:wraith":15,"minecraft:sheep":3,"minecraft:skeleton":4,"minecraft:zombie":14,"minecraft:chicken":1,"duneons:pigchest":1,"minecraft:drowned":1},"minecraft:picked_up":{"minecraft:wooden_axe":1,"minecraft:sponge":6,"minecraft:enchanting_table":1,"minecraft:feather":5,"minecraft:chicken":2,"minecraft:iron_door":7,"minecraft:water_bucket":7,"minecraft:potato":1,"minecraft:ice":24,"inventorypets:nugget_lapis":4,"inventorypets:nugget_obsidian":12,"minecraft:map":1,"minecraft:lapis_lazuli":1,"duneons:coin":12,"minecraft:string":6,"minecraft:red_bed":6,"inventorypets:pet_squid":2,"duneons:doubleaxe":3,"minecraft:bone":71,"minecraft:bow":2,"minecraft:stone_bricks":5,"duneons:giter":2,"minecraft:kelp":14,"duneons:crumsoncoresword":3,"minecraft:wheat_seeds":1,"minecraft:spruce_planks":527,"duneons:elytepowerbow":2,"minecraft:poppy":3,"minecraft:iron_pickaxe":5,"minecraft:prismarine":35,"minecraft:chest":5,"minecraft:iron_sword":7,"duneons:stonetablemap":1,"minecraft:book":60,"minecraft:stick":92,"duneons:cutlass":1,"minecraft:oak_door":2,"minecraft:sweet_berries":25,"minecraft:quartz":42,"minecraft:porkchop":7,"minecraft:spruce_door":2,"minecraft:spruce_sapling":98,"minecraft:ink_sac":8,"duneons:latticebriker":4,"minecraft:carrot":6,"minecraft:spruce_log":249,"minecraft:prismarine_crystals":5,"alexsmobs:animal_dictionary":4,"minecraft:arrow":32,"inventorypets:pet_chest":6,"minecraft:rotten_flesh":43,"minecraft:diamond":8,"minecraft:stone_axe":11,"minecraft:bone_meal":12,"minecraft:emerald":1,"minecraft:gold_ingot":20,"inventorypets:nugget_diamond":20,"minecraft:cod":9,"minecraft:mutton":3,"minecraft:snowball":47,"minecraft:white_wool":12,"minecraft:cobblestone":55},"minecraft:killed_by":{"minecraft:skeleton":4,"minecraft:guardian":3,"minecraft:blaze":1,"minecraft:zombie":2,"duneons:wraith":9,"duneons:ancient_guardian":5},"minecraft:crafted":{"minecraft:crafting_table":1,"minecraft:spruce_planks":520,"minecraft:bone_meal":6,"minecraft:stone_axe":2,"minecraft:stick":8,"minecraft:wooden_axe":1,"minecraft:white_bed":1},"minecraft:used":{"minecraft:water_bucket":3,"minecraft:chest":1,"minecraft:spruce_planks":201,"minecraft:iron_sword":37,"duneons:cutlass":6,"duneons:stonetablemap":1,"minecraft:crafting_table":1,"minecraft:red_bed":3,"duneons:crumsoncoresword":48,"minecraft:white_bed":1,"minecraft:spruce_log":3,"minecraft:wooden_axe":51,"minecraft:iron_pickaxe":32,"minecraft:iron_door":1,"minecraft:spruce_sapling":4,"minecraft:stone_axe":110,"minecraft:cobblestone":11,"minecraft:sweet_berries":3,"minecraft:bucket":2,"minecraft:bone_meal":2}},"DataVersion":2586}