{"stats":{"minecraft:broken":{"minecraft:wooden_axe":1},"minecraft:mined":{"minecraft:spruce_planks":2,"minecraft:oak_door":1,"duneons:latticebriker":2,"minecraft:dandelion":1,"minecraft:poppy":2,"minecraft:chest":2,"minecraft:spruce_leaves":1006,"duneons:stoneworld":17,"minecraft:kelp":2,"minecraft:iron_door":2,"minecraft:spawner":1,"minecraft:large_fern":11,"minecraft:seagrass":2,"minecraft:sweet_berry_bush":2,"minecraft:spruce_log":151,"treechop:chopped_log":95,"minecraft:grass":2,"minecraft:dirt":1,"duneons:stonetablemap":1,"minecraft:fern":3},"minecraft:custom":{"minecraft:mob_kills":17,"minecraft:interact_with_crafting_table":4,"minecraft:play_one_minute":49245,"minecraft:damage_dealt_resisted":7,"minecraft:leave_game":2,"minecraft:time_since_death":961,"minecraft:climb_one_cm":30552,"minecraft:sleep_in_bed":2,"minecraft:time_since_rest":997,"minecraft:sprint_one_cm":109409,"minecraft:damage_taken":4500,"minecraft:walk_one_cm":71397,"minecraft:drop":8,"minecraft:damage_dealt":2840,"minecraft:swim_one_cm":58435,"minecraft:fly_one_cm":184616,"minecraft:open_chest":16,"minecraft:crouch_one_cm":15928,"minecraft:deaths":15,"minecraft:sneak_time":6931,"minecraft:walk_under_water_one_cm":20920,"minecraft:jump":993,"minecraft:walk_on_water_one_cm":11572,"minecraft:fall_one_cm":37780},"minecraft:dropped":{"minecraft:sweet_berries":10,"minecraft:wheat_seeds":1,"alexsmobs:animal_dictionary":1,"minecraft:feather":5,"minecraft:stick":1,"minecraft:map":1,"minecraft:spruce_log":8,"minecraft:spruce_sapling":7},"minecraft:killed":{"minecraft:husk":1,"duneons:wraith":6,"minecraft:sheep":3,"minecraft:skeleton":3,"minecraft:zombie":4,"duneons:pigchest":1,"minecraft:drowned":1},"minecraft:picked_up":{"minecraft:wooden_axe":1,"minecraft:feather":5,"minecraft:iron_door":3,"minecraft:water_bucket":3,"minecraft:ice":12,"minecraft:map":1,"minecraft:string":3,"duneons:doubleaxe":2,"minecraft:bone":15,"minecraft:kelp":6,"duneons:crumsoncoresword":2,"minecraft:wheat_seeds":1,"minecraft:spruce_planks":155,"minecraft:poppy":2,"minecraft:iron_pickaxe":3,"minecraft:chest":4,"minecraft:iron_sword":1,"duneons:stonetablemap":1,"minecraft:stick":52,"minecraft:oak_door":1,"minecraft:sweet_berries":15,"minecraft:quartz":28,"minecraft:porkchop":4,"minecraft:spruce_sapling":98,"duneons:latticebriker":4,"minecraft:spruce_log":221,"minecraft:prismarine_crystals":5,"alexsmobs:animal_dictionary":3,"minecraft:arrow":9,"inventorypets:pet_chest":3,"minecraft:rotten_flesh":6,"minecraft:diamond":5,"minecraft:stone_axe":4,"minecraft:bone_meal":8,"minecraft:gold_ingot":12,"inventorypets:nugget_diamond":8,"minecraft:mutton":3,"minecraft:snowball":26,"minecraft:white_wool":3,"minecraft:cobblestone":44},"minecraft:killed_by":{"minecraft:skeleton":2,"minecraft:guardian":3,"minecraft:blaze":1,"minecraft:zombie":1,"duneons:wraith":2,"duneons:ancient_guardian":5},"minecraft:crafted":{"minecraft:crafting_table":1,"minecraft:spruce_planks":520,"minecraft:bone_meal":6,"minecraft:stone_axe":2,"minecraft:stick":8,"minecraft:wooden_axe":1,"minecraft:white_bed":1},"minecraft:used":{"minecraft:water_bucket":2,"minecraft:chest":1,"minecraft:spruce_planks":196,"minecraft:iron_sword":2,"duneons:stonetablemap":1,"minecraft:crafting_table":1,"duneons:crumsoncoresword":16,"minecraft:white_bed":1,"minecraft:spruce_log":3,"minecraft:wooden_axe":45,"minecraft:iron_pickaxe":30,"minecraft:iron_door":1,"minecraft:spruce_sapling":4,"minecraft:stone_axe":104,"minecraft:sweet_berries":3,"minecraft:bucket":2,"minecraft:bone_meal":2}},"DataVersion":2586}