{"stats":{"minecraft:mined":{"minecraft:large_fern":5,"minecraft:spruce_leaves":34,"minecraft:spruce_log":9,"treechop:chopped_log":7,"minecraft:chest":1},"minecraft:custom":{"minecraft:time_since_rest":440,"minecraft:play_one_minute":13245,"minecraft:crouch_one_cm":3658,"minecraft:deaths":2,"minecraft:sprint_one_cm":37051,"minecraft:damage_taken":760,"minecraft:walk_one_cm":15983,"minecraft:sneak_time":925,"minecraft:drop":8,"minecraft:jump":244,"minecraft:damage_dealt":164,"minecraft:leave_game":2,"minecraft:time_since_death":401,"minecraft:climb_one_cm":8200,"minecraft:fall_one_cm":12492,"minecraft:fly_one_cm":50708,"minecraft:open_chest":1},"minecraft:dropped":{"minecraft:feather":5,"minecraft:spruce_log":8,"minecraft:sweet_berries":10,"minecraft:wheat_seeds":1,"alexsmobs:animal_dictionary":1,"minecraft:spruce_sapling":7,"minecraft:stick":1,"minecraft:map":1},"minecraft:killed":{"minecraft:skeleton":1},"minecraft:picked_up":{"minecraft:bone":4,"minecraft:stick":1,"minecraft:feather":5,"minecraft:arrow":1,"minecraft:sweet_berries":10,"minecraft:wheat_seeds":1,"minecraft:spruce_sapling":7,"minecraft:spruce_log":54,"minecraft:chest":2,"minecraft:map":1,"alexsmobs:animal_dictionary":3},"minecraft:used":{"minecraft:spruce_log":2},"minecraft:killed_by":{"minecraft:skeleton":1}},"DataVersion":2586}