{"stats":{"minecraft:dropped":{"biomesoplenty:wildflower":2},"minecraft:picked_up":{"biomesoplenty:wildflower":2},"minecraft:custom":{"minecraft:jump":641,"minecraft:open_chest":1,"minecraft:time_since_rest":44887,"minecraft:damage_dealt":20,"minecraft:play_one_minute":44887,"minecraft:leave_game":2,"minecraft:sprint_one_cm":56583,"minecraft:time_since_death":44887,"minecraft:walk_one_cm":14519,"minecraft:sneak_time":35,"minecraft:drop":2,"minecraft:fall_one_cm":3195,"minecraft:fly_one_cm":224901}},"DataVersion":2586}