{"stats":{"minecraft:broken":{"minecraft:wooden_axe":1},"minecraft:mined":{"minecraft:large_fern":6,"minecraft:seagrass":1,"minecraft:spruce_planks":1,"minecraft:spruce_log":28,"minecraft:dandelion":1,"treechop:chopped_log":25,"minecraft:chest":1,"minecraft:spruce_leaves":230,"minecraft:fern":2},"minecraft:dropped":{"minecraft:sweet_berries":10,"minecraft:wheat_seeds":1,"alexsmobs:animal_dictionary":1,"minecraft:map":1,"minecraft:feather":5,"minecraft:spruce_log":8,"minecraft:spruce_sapling":7,"minecraft:stick":1},"minecraft:custom":{"minecraft:time_since_rest":2746,"minecraft:sprint_one_cm":61083,"minecraft:damage_taken":2420,"minecraft:walk_one_cm":32333,"minecraft:mob_kills":5,"minecraft:drop":8,"minecraft:damage_dealt":834,"minecraft:interact_with_crafting_table":2,"minecraft:swim_one_cm":22761,"minecraft:fly_one_cm":117180,"minecraft:open_chest":8,"minecraft:crouch_one_cm":8992,"minecraft:play_one_minute":25245,"minecraft:sneak_time":3503,"minecraft:deaths":7,"minecraft:walk_under_water_one_cm":11008,"minecraft:jump":565,"minecraft:leave_game":2,"minecraft:time_since_death":2714,"minecraft:walk_on_water_one_cm":2896,"minecraft:climb_one_cm":8353,"minecraft:fall_one_cm":21288},"minecraft:killed":{"minecraft:sheep":3,"minecraft:skeleton":3},"minecraft:picked_up":{"minecraft:wooden_axe":1,"minecraft:stick":5,"minecraft:feather":5,"minecraft:sweet_berries":10,"minecraft:spruce_sapling":16,"minecraft:spruce_log":72,"minecraft:map":1,"alexsmobs:animal_dictionary":3,"minecraft:arrow":5,"minecraft:bone":6,"minecraft:wheat_seeds":1,"minecraft:spruce_planks":9,"minecraft:mutton":3,"minecraft:chest":2,"minecraft:white_wool":3},"minecraft:killed_by":{"duneons:ancient_guardian":3,"minecraft:skeleton":2,"minecraft:guardian":1},"minecraft:crafted":{"minecraft:spruce_planks":100,"minecraft:wooden_axe":1,"minecraft:white_bed":1},"minecraft:used":{"minecraft:wooden_axe":45,"minecraft:spruce_planks":93,"minecraft:chest":1,"minecraft:white_bed":1,"minecraft:spruce_log":2}},"DataVersion":2586}