{"stats":{"minecraft:broken":{"minecraft:wooden_axe":1},"minecraft:mined":{"minecraft:spruce_planks":2,"minecraft:oak_door":1,"iceandfire:copper_pile":1,"minecraft:grass_block":1,"iceandfire:lectern":1,"minecraft:spruce_leaves":1006,"minecraft:kelp":2,"duneons:stoneworld":18,"minecraft:spawner":1,"minecraft:large_fern":11,"minecraft:hay_block":10,"duneons:creepertotem":8,"minecraft:carrots":1,"duneons:stackofbooks":2,"treechop:chopped_log":104,"minecraft:bookshelf":4,"iceandfire:gold_pile":3,"duneons:mossendirt":1,"minecraft:stripped_oak_log":4,"minecraft:stone":13,"iceandfire:podium_spruce":1,"iceandfire:pixie_jar_empty":1,"duneons:dustybookshelf":3,"minecraft:red_bed":6,"duneons:latticebriker":3,"duneons:bookshelfvangard":6,"minecraft:dandelion":1,"minecraft:oak_fence":1,"minecraft:poppy":3,"minecraft:chest":3,"duneons:brikercolon":2,"minecraft:cobblestone":2,"minecraft:oak_planks":5,"duneons:bookshelfdun":4,"minecraft:diorite":1,"minecraft:wall_torch":2,"minecraft:iron_door":2,"minecraft:seagrass":2,"minecraft:spruce_stairs":3,"duneons:stonehorse":6,"duneons:coarsedirtslab":1,"minecraft:wheat":2,"minecraft:sweet_berry_bush":2,"minecraft:spruce_log":151,"minecraft:grass":30,"minecraft:oak_log":11,"iceandfire:silver_pile":3,"minecraft:dirt":9,"minecraft:stone_bricks":3,"duneons:stonetablemap":1,"minecraft:oak_leaves":129,"minecraft:fern":3},"minecraft:dropped":{"minecraft:wheat_seeds":1,"minecraft:lapis_lazuli":1,"minecraft:oak_fence":1,"minecraft:feather":5,"minecraft:knowledge_book":1,"minecraft:spruce_door":4,"minecraft:spruce_stairs":2,"minecraft:stick":1,"iceandfire:podium_spruce":1,"minecraft:map":1,"minecraft:snowball":21,"minecraft:gold_nugget":8,"inventorypets:pet_squid":1,"minecraft:spruce_sapling":7,"duneons:doubleaxe":1,"minecraft:sweet_berries":10,"alexsmobs:animal_dictionary":1,"duneons:namelessno_active_spawn_egg":1,"minecraft:prismarine":70,"minecraft:spruce_log":8,"minecraft:arrow":1,"inventorypets:pet_chest":1,"minecraft:quartz":14},"minecraft:custom":{"minecraft:mob_kills":48,"minecraft:interact_with_crafting_table":5,"minecraft:damage_dealt_resisted":7,"minecraft:leave_game":2,"minecraft:time_since_death":5644,"minecraft:climb_one_cm":30976,"minecraft:sprint_one_cm":249924,"minecraft:walk_one_cm":174857,"minecraft:drop":26,"minecraft:deaths":26,"minecraft:sneak_time":9789,"minecraft:walk_under_water_one_cm":27022,"minecraft:jump":2041,"minecraft:walk_on_water_one_cm":59374,"minecraft:play_one_minute":109245,"minecraft:sleep_in_bed":6,"minecraft:time_since_rest":5692,"minecraft:damage_taken":7572,"minecraft:damage_dealt":12289,"minecraft:swim_one_cm":142484,"minecraft:fly_one_cm":461900,"minecraft:player_kills":1,"minecraft:open_chest":37,"minecraft:crouch_one_cm":24668,"minecraft:fall_one_cm":70411},"minecraft:killed":{"duneons:wraith":15,"minecraft:skeleton":5,"duneons:pigchest":2,"minecraft:chicken":1,"minecraft:drowned":1,"minecraft:husk":2,"minecraft:pig":1,"minecraft:sheep":3,"alexsmobs:crocodile":2,"minecraft:zombie":14,"duneons:nameless":1},"minecraft:picked_up":{"minecraft:wooden_axe":1,"minecraft:chicken":2,"minecraft:enchanted_book":6,"inventorypets:nugget_lapis":4,"minecraft:knowledge_book":4,"minecraft:red_bed":8,"minecraft:string":6,"duneons:coin":12,"minecraft:iron_leggings":1,"duneons:doubleaxe":6,"inventorypets:pet_squid":3,"iceandfire:bestiary":1,"minecraft:gold_nugget":18,"minecraft:spruce_planks":527,"duneons:elytepowerbow":2,"minecraft:poppy":3,"minecraft:iron_pickaxe":7,"minecraft:chest":5,"minecraft:stick":95,"duneons:cutlass":1,"minecraft:oak_door":2,"minecraft:oak_fence":3,"minecraft:torch":2,"minecraft:spruce_stairs":4,"minecraft:porkchop":9,"minecraft:diorite":2,"minecraft:carrot":6,"minecraft:prismarine_crystals":5,"alexsmobs:crocodile_scute":4,"inventorypets:pet_chest":9,"minecraft:arrow":33,"minecraft:rotten_flesh":43,"duneons:stackofbooks":1,"minecraft:hay_block":10,"minecraft:gold_ingot":20,"minecraft:mutton":3,"minecraft:stripped_oak_log":4,"minecraft:cod":9,"minecraft:snowball":52,"minecraft:white_wool":12,"minecraft:cobblestone":70,"minecraft:sponge":6,"duneons:stonehorse":6,"minecraft:enchanting_table":1,"minecraft:feather":5,"minecraft:iron_door":7,"minecraft:water_bucket":7,"minecraft:potato":1,"minecraft:ice":24,"inventorypets:nugget_obsidian":12,"minecraft:oak_log":10,"minecraft:map":1,"minecraft:lapis_lazuli":1,"minecraft:dirt":3,"duneons:creepertotem":9,"iceandfire:pixie_jar_empty":2,"minecraft:apple":2,"duneons:crumsoncoresword":5,"minecraft:bone":71,"minecraft:kelp":14,"minecraft:stone_bricks":6,"duneons:giter":2,"minecraft:bow":2,"minecraft:wheat_seeds":2,"duneons:brikercolon":2,"minecraft:oak_planks":5,"minecraft:prismarine":105,"minecraft:iron_sword":8,"duneons:stonetablemap":1,"minecraft:book":75,"iceandfire:copper_nugget":14,"minecraft:sweet_berries":25,"iceandfire:podium_spruce":2,"minecraft:quartz":56,"minecraft:spruce_sapling":98,"duneons:latticebriker":4,"minecraft:ink_sac":8,"minecraft:spruce_log":249,"alexsmobs:animal_dictionary":4,"minecraft:spruce_door":6,"minecraft:diamond":8,"minecraft:stone_axe":11,"iceandfire:lectern":1,"minecraft:bone_meal":12,"minecraft:bread":24,"minecraft:emerald":3,"minecraft:oak_sapling":5,"inventorypets:nugget_diamond":20,"iceandfire:silver_nugget":10},"minecraft:killed_by":{"alexsmobs:crocodile":1,"minecraft:skeleton":4,"minecraft:guardian":3,"minecraft:blaze":1,"minecraft:zombie":2,"duneons:wraith":9,"duneons:ancient_guardian":5},"minecraft:crafted":{"minecraft:oak_planks":44,"minecraft:bone_meal":6,"minecraft:wheat":90,"minecraft:crafting_table":2,"minecraft:spruce_planks":520,"minecraft:stone_axe":2,"minecraft:bread":30,"minecraft:stick":8,"minecraft:wooden_axe":1,"minecraft:white_bed":1},"minecraft:used":{"iceandfire:lectern":1,"minecraft:enchanting_table":1,"minecraft:spruce_planks":201,"minecraft:chest":1,"minecraft:iron_sword":46,"minecraft:dirt":3,"duneons:crumsoncoresword":103,"minecraft:wooden_axe":51,"duneons:namelessno_active_spawn_egg":1,"minecraft:stone_bricks":2,"minecraft:sweet_berries":3,"minecraft:water_bucket":4,"minecraft:oak_planks":36,"duneons:stackofbooks":1,"duneons:stonehorse":5,"duneons:cutlass":6,"duneons:creepertotem":5,"iceandfire:podium_spruce":1,"duneons:stonetablemap":1,"minecraft:crafting_table":2,"minecraft:red_bed":5,"minecraft:white_bed":1,"minecraft:spruce_log":3,"minecraft:bread":9,"minecraft:iron_pickaxe":87,"minecraft:iron_door":1,"minecraft:spruce_sapling":4,"minecraft:stone_axe":110,"minecraft:cobblestone":25,"minecraft:bucket":3,"duneons:doubleaxe":38,"minecraft:bone_meal":2}},"DataVersion":2586}