{"stats":{"minecraft:dropped":{"minecraft:grass":1,"biomesoplenty:wildflower":2},"minecraft:picked_up":{"minecraft:pufferfish":1,"minecraft:feather":2,"minecraft:chicken":3,"minecraft:wheat_seeds":1,"minecraft:grass":1,"alexsmobs:emu_egg":2,"biomesoplenty:wildflower":2,"minecraft:mutton":2,"minecraft:egg":1},"minecraft:custom":{"minecraft:time_since_rest":78263,"minecraft:open_chest":1,"minecraft:crouch_one_cm":319,"minecraft:play_one_minute":78263,"minecraft:sprint_one_cm":75611,"minecraft:damage_taken":180,"minecraft:walk_one_cm":23292,"minecraft:sneak_time":241,"minecraft:walk_under_water_one_cm":2257,"minecraft:drop":3,"minecraft:jump":799,"minecraft:damage_dealt":27,"minecraft:leave_game":2,"minecraft:walk_on_water_one_cm":2555,"minecraft:time_since_death":78263,"minecraft:fall_one_cm":5703,"minecraft:fly_one_cm":270989},"minecraft:used":{"alexsmobs:emu_egg":2,"minecraft:glowstone":16,"minecraft:pufferfish_bucket":1}},"DataVersion":2586}