{"stats":{"minecraft:broken":{"minecraft:wooden_axe":1},"minecraft:mined":{"minecraft:large_fern":11,"minecraft:seagrass":2,"minecraft:spruce_planks":1,"minecraft:spruce_log":136,"minecraft:dandelion":1,"treechop:chopped_log":83,"minecraft:grass":2,"minecraft:poppy":2,"minecraft:chest":1,"minecraft:dirt":1,"minecraft:spruce_leaves":874,"minecraft:kelp":2,"duneons:stoneworld":8,"minecraft:fern":3},"minecraft:dropped":{"minecraft:sweet_berries":10,"minecraft:wheat_seeds":1,"alexsmobs:animal_dictionary":1,"minecraft:map":1,"minecraft:feather":5,"minecraft:spruce_log":8,"minecraft:spruce_sapling":7,"minecraft:stick":1},"minecraft:custom":{"minecraft:time_since_rest":4123,"minecraft:sprint_one_cm":82807,"minecraft:damage_taken":3560,"minecraft:walk_one_cm":44185,"minecraft:mob_kills":6,"minecraft:drop":8,"minecraft:damage_dealt":1035,"minecraft:interact_with_crafting_table":3,"minecraft:swim_one_cm":58435,"minecraft:fly_one_cm":152036,"minecraft:open_chest":15,"minecraft:crouch_one_cm":10800,"minecraft:play_one_minute":37245,"minecraft:sneak_time":4991,"minecraft:deaths":11,"minecraft:walk_under_water_one_cm":20920,"minecraft:jump":746,"minecraft:leave_game":2,"minecraft:time_since_death":9293,"minecraft:walk_on_water_one_cm":10482,"minecraft:sleep_in_bed":1,"minecraft:climb_one_cm":21706,"minecraft:fall_one_cm":29467},"minecraft:killed":{"minecraft:sheep":3,"minecraft:skeleton":3,"minecraft:drowned":1},"minecraft:picked_up":{"minecraft:wooden_axe":1,"minecraft:stick":18,"minecraft:feather":5,"minecraft:sweet_berries":10,"minecraft:spruce_sapling":40,"minecraft:spruce_log":179,"minecraft:prismarine_crystals":5,"minecraft:map":1,"alexsmobs:animal_dictionary":3,"minecraft:arrow":9,"minecraft:bone":12,"minecraft:kelp":2,"minecraft:wheat_seeds":1,"minecraft:spruce_planks":9,"minecraft:poppy":2,"minecraft:iron_pickaxe":1,"minecraft:mutton":3,"minecraft:chest":2,"minecraft:white_wool":3,"minecraft:cobblestone":8},"minecraft:killed_by":{"duneons:ancient_guardian":5,"minecraft:skeleton":2,"minecraft:guardian":3},"minecraft:crafted":{"minecraft:spruce_planks":468,"minecraft:stick":4,"minecraft:wooden_axe":1,"minecraft:white_bed":1,"minecraft:bone_meal":6,"minecraft:stone_axe":1},"minecraft:used":{"minecraft:wooden_axe":45,"minecraft:iron_pickaxe":8,"minecraft:spruce_planks":119,"minecraft:chest":1,"minecraft:spruce_sapling":4,"minecraft:stone_axe":84,"minecraft:white_bed":1,"minecraft:spruce_log":2,"minecraft:bone_meal":2}},"DataVersion":2586}