{"stats":{"minecraft:broken":{"minecraft:wooden_axe":1},"minecraft:mined":{"minecraft:spruce_planks":2,"minecraft:oak_door":1,"iceandfire:lectern":1,"minecraft:spruce_leaves":1006,"minecraft:kelp":2,"duneons:stoneworld":17,"minecraft:spawner":1,"minecraft:large_fern":11,"duneons:creepertotem":5,"minecraft:carrots":1,"duneons:stackofbooks":2,"treechop:chopped_log":102,"minecraft:bookshelf":1,"iceandfire:gold_pile":1,"duneons:mossendirt":1,"iceandfire:podium_spruce":1,"duneons:dustybookshelf":3,"minecraft:red_bed":6,"duneons:latticebriker":3,"duneons:bookshelfvangard":6,"minecraft:dandelion":1,"minecraft:poppy":3,"minecraft:chest":3,"duneons:brikercolon":2,"minecraft:cobblestone":2,"duneons:bookshelfdun":4,"minecraft:iron_door":2,"minecraft:seagrass":2,"minecraft:spruce_stairs":3,"duneons:stonehorse":2,"duneons:coarsedirtslab":1,"minecraft:wheat":2,"minecraft:sweet_berry_bush":2,"minecraft:spruce_log":151,"minecraft:grass":20,"minecraft:oak_log":11,"minecraft:dirt":7,"minecraft:stone_bricks":1,"duneons:stonetablemap":1,"minecraft:oak_leaves":129,"minecraft:fern":3},"minecraft:dropped":{"minecraft:wheat_seeds":1,"minecraft:lapis_lazuli":1,"minecraft:feather":5,"minecraft:knowledge_book":1,"minecraft:spruce_door":4,"minecraft:spruce_stairs":2,"minecraft:stick":1,"iceandfire:podium_spruce":1,"minecraft:map":1,"minecraft:snowball":21,"minecraft:gold_nugget":8,"minecraft:spruce_sapling":7,"minecraft:sweet_berries":10,"alexsmobs:animal_dictionary":1,"minecraft:prismarine":70,"minecraft:spruce_log":8,"minecraft:arrow":1,"minecraft:quartz":14},"minecraft:custom":{"minecraft:mob_kills":44,"minecraft:interact_with_crafting_table":4,"minecraft:damage_dealt_resisted":7,"minecraft:leave_game":2,"minecraft:time_since_death":27144,"minecraft:climb_one_cm":30976,"minecraft:sprint_one_cm":188439,"minecraft:walk_one_cm":137695,"minecraft:drop":21,"minecraft:deaths":25,"minecraft:sneak_time":8601,"minecraft:walk_under_water_one_cm":22226,"minecraft:jump":1539,"minecraft:walk_on_water_one_cm":27696,"minecraft:play_one_minute":85245,"minecraft:sleep_in_bed":5,"minecraft:time_since_rest":1947,"minecraft:damage_taken":7000,"minecraft:damage_dealt":6879,"minecraft:swim_one_cm":59844,"minecraft:fly_one_cm":306095,"minecraft:player_kills":1,"minecraft:open_chest":32,"minecraft:crouch_one_cm":20309,"minecraft:fall_one_cm":57126},"minecraft:killed":{"duneons:wraith":15,"minecraft:skeleton":4,"duneons:pigchest":2,"minecraft:chicken":1,"minecraft:drowned":1,"minecraft:husk":2,"minecraft:pig":1,"minecraft:sheep":3,"minecraft:zombie":14},"minecraft:picked_up":{"minecraft:wooden_axe":1,"minecraft:chicken":2,"minecraft:enchanted_book":6,"inventorypets:nugget_lapis":4,"minecraft:knowledge_book":4,"minecraft:red_bed":7,"minecraft:string":6,"duneons:coin":12,"duneons:doubleaxe":4,"inventorypets:pet_squid":2,"iceandfire:bestiary":1,"minecraft:gold_nugget":8,"minecraft:spruce_planks":527,"duneons:elytepowerbow":2,"minecraft:poppy":3,"minecraft:iron_pickaxe":6,"minecraft:chest":5,"minecraft:stick":95,"duneons:cutlass":1,"minecraft:oak_door":2,"minecraft:spruce_stairs":3,"minecraft:porkchop":9,"minecraft:carrot":6,"minecraft:prismarine_crystals":5,"inventorypets:pet_chest":7,"minecraft:arrow":33,"minecraft:rotten_flesh":43,"duneons:stackofbooks":1,"minecraft:gold_ingot":20,"minecraft:mutton":3,"minecraft:cod":9,"minecraft:snowball":52,"minecraft:white_wool":12,"minecraft:cobblestone":56,"minecraft:sponge":6,"duneons:stonehorse":2,"minecraft:enchanting_table":1,"minecraft:feather":5,"minecraft:iron_door":7,"minecraft:water_bucket":7,"minecraft:potato":1,"minecraft:ice":24,"inventorypets:nugget_obsidian":12,"minecraft:oak_log":10,"minecraft:map":1,"minecraft:lapis_lazuli":1,"duneons:creepertotem":5,"minecraft:apple":2,"duneons:crumsoncoresword":4,"minecraft:bone":71,"minecraft:kelp":14,"minecraft:stone_bricks":5,"duneons:giter":2,"minecraft:bow":2,"minecraft:wheat_seeds":1,"duneons:brikercolon":2,"minecraft:prismarine":105,"minecraft:iron_sword":7,"duneons:stonetablemap":1,"minecraft:book":66,"minecraft:sweet_berries":25,"iceandfire:podium_spruce":2,"minecraft:quartz":56,"minecraft:spruce_sapling":98,"duneons:latticebriker":4,"minecraft:ink_sac":8,"minecraft:spruce_log":249,"alexsmobs:animal_dictionary":4,"minecraft:spruce_door":6,"minecraft:diamond":8,"minecraft:stone_axe":11,"iceandfire:lectern":1,"minecraft:bone_meal":12,"minecraft:emerald":1,"minecraft:oak_sapling":5,"inventorypets:nugget_diamond":20},"minecraft:killed_by":{"minecraft:skeleton":4,"minecraft:guardian":3,"minecraft:blaze":1,"minecraft:zombie":2,"duneons:wraith":9,"duneons:ancient_guardian":5},"minecraft:used":{"minecraft:spruce_planks":201,"minecraft:chest":1,"minecraft:iron_sword":37,"duneons:crumsoncoresword":49,"minecraft:wooden_axe":51,"minecraft:stone_bricks":2,"minecraft:sweet_berries":3,"minecraft:water_bucket":4,"minecraft:oak_planks":8,"duneons:cutlass":6,"duneons:stonetablemap":1,"minecraft:crafting_table":1,"minecraft:red_bed":4,"minecraft:white_bed":1,"minecraft:spruce_log":3,"minecraft:bread":2,"minecraft:iron_pickaxe":53,"minecraft:iron_door":1,"minecraft:spruce_sapling":4,"minecraft:stone_axe":110,"minecraft:cobblestone":11,"minecraft:bucket":3,"duneons:doubleaxe":26,"minecraft:bone_meal":2},"minecraft:crafted":{"minecraft:oak_planks":40,"minecraft:bone_meal":6,"minecraft:crafting_table":1,"minecraft:spruce_planks":520,"minecraft:stone_axe":2,"minecraft:stick":8,"minecraft:wooden_axe":1,"minecraft:white_bed":1}},"DataVersion":2586}