{"stats":{"minecraft:killed_by":{"minecraft:player":1},"minecraft:dropped":{"minecraft:grass":2,"minecraft:acacia_log":1,"biomesoplenty:wildflower":2},"minecraft:mined":{"minecraft:acacia_log":4,"gravestone:gravestone":1},"minecraft:picked_up":{"minecraft:pufferfish":1,"minecraft:feather":2,"minecraft:chicken":3,"minecraft:wheat_seeds":1,"minecraft:acacia_log":5,"minecraft:grass":1,"alexsmobs:emu_egg":2,"biomesoplenty:wildflower":2,"minecraft:mutton":2,"alexsmobs:animal_dictionary":1,"minecraft:egg":1},"minecraft:custom":{"minecraft:time_since_rest":1877,"minecraft:open_chest":1,"minecraft:deaths":1,"minecraft:crouch_one_cm":322,"minecraft:play_one_minute":93475,"minecraft:sprint_one_cm":78848,"minecraft:damage_taken":205,"minecraft:walk_one_cm":32776,"minecraft:sneak_time":272,"minecraft:walk_under_water_one_cm":2257,"minecraft:drop":5,"minecraft:jump":835,"minecraft:damage_dealt":37,"minecraft:leave_game":2,"minecraft:walk_on_water_one_cm":2985,"minecraft:time_since_death":1832,"minecraft:fall_one_cm":6121,"minecraft:fly_one_cm":276270},"minecraft:used":{"alexsmobs:emu_egg":2,"minecraft:glowstone":16,"minecraft:pufferfish_bucket":1,"minecraft:egg":1}},"DataVersion":2586}