{"stats":{"minecraft:mined":{"duneons:mossendirt":1,"minecraft:sweet_berry_bush":5,"minecraft:spruce_leaves":123,"minecraft:spruce_log":12,"treechop:chopped_log":7,"minecraft:fern":1},"minecraft:custom":{"minecraft:open_chest":1,"minecraft:time_since_rest":3814,"minecraft:play_one_minute":10487,"minecraft:crouch_one_cm":3845,"minecraft:sprint_one_cm":29744,"minecraft:deaths":2,"minecraft:damage_taken":886,"minecraft:walk_one_cm":16296,"minecraft:sneak_time":1014,"minecraft:mob_kills":1,"minecraft:jump":232,"minecraft:damage_dealt":87,"minecraft:leave_game":1,"minecraft:time_since_death":3782,"minecraft:climb_one_cm":18921,"minecraft:fly_one_cm":30409,"minecraft:fall_one_cm":16557},"minecraft:picked_up":{"minecraft:stick":2,"minecraft:feather":10,"minecraft:sweet_berries":28,"duneons:mossendirt":1,"minecraft:wheat_seeds":2,"minecraft:spruce_planks":20,"minecraft:spruce_sapling":24,"minecraft:spruce_log":12,"minecraft:map":1,"alexsmobs:animal_dictionary":2},"minecraft:crafted":{"minecraft:spruce_planks":20},"minecraft:killed_by":{"minecraft:skeleton":1},"minecraft:used":{"duneons:mossendirt":1,"minecraft:sweet_berries":16}},"DataVersion":2586}