{"stats":{"minecraft:broken":{"minecraft:wooden_axe":1,"minecraft:wooden_pickaxe":1},"minecraft:mined":{"duneons:bluevangardvase":2,"minecraft:red_bed":2,"duneons:latticebriker":2,"minecraft:spruce_door":1,"minecraft:poppy":1,"duneons:brikercolon":2,"duneons:dungeonbarrel":1,"minecraft:spruce_leaves":125,"minecraft:prismarine":47,"inventorypets:sand_block":1,"minecraft:red_stained_glass_pane":2,"minecraft:spawner":2,"minecraft:prismarine_bricks":4,"minecraft:seagrass":4,"minecraft:tall_seagrass":2,"minecraft:sweet_berry_bush":11,"minecraft:spruce_log":17,"treechop:chopped_log":11,"minecraft:enchanting_table":1,"minecraft:grass":3,"minecraft:bookshelf":4,"duneons:mossendirt":1,"minecraft:stone_bricks":23,"minecraft:fern":1},"minecraft:dropped":{"minecraft:diamond":3,"minecraft:cod":1,"duneons:crumsoncoresword":3,"minecraft:iron_pickaxe":2,"inventorypets:pet_chest":2,"inventorypets:pet_squid":1,"duneons:doubleaxe":2},"minecraft:custom":{"minecraft:mob_kills":23,"minecraft:interact_with_crafting_table":7,"minecraft:play_one_minute":61047,"minecraft:damage_dealt_resisted":9,"minecraft:leave_game":3,"minecraft:time_since_death":8304,"minecraft:climb_one_cm":18921,"minecraft:time_since_rest":8335,"minecraft:sprint_one_cm":141250,"minecraft:damage_taken":6166,"minecraft:walk_one_cm":92904,"minecraft:drop":12,"minecraft:damage_dealt":5076,"minecraft:swim_one_cm":83991,"minecraft:fly_one_cm":205123,"minecraft:open_chest":15,"minecraft:crouch_one_cm":8734,"minecraft:deaths":20,"minecraft:sneak_time":4249,"minecraft:walk_under_water_one_cm":32932,"minecraft:jump":1341,"minecraft:walk_on_water_one_cm":58505,"minecraft:fall_one_cm":36986},"minecraft:killed":{"minecraft:husk":2,"minecraft:vindicator":1,"duneons:wraith":6,"minecraft:sheep":3,"minecraft:skeleton":2,"minecraft:zombie":10},"minecraft:picked_up":{"minecraft:wooden_axe":9,"minecraft:enchanting_table":2,"minecraft:chicken":3,"minecraft:feather":10,"minecraft:splash_potion":1,"minecraft:iron_door":2,"minecraft:water_bucket":13,"minecraft:wooden_pickaxe":1,"minecraft:potato":3,"minecraft:ice":12,"inventorypets:nugget_lapis":8,"inventorypets:nugget_obsidian":12,"minecraft:prismarine_bricks":4,"minecraft:map":1,"minecraft:lapis_lazuli":3,"minecraft:string":3,"minecraft:red_bed":2,"duneons:coin":27,"minecraft:bone":39,"inventorypets:pet_squid":3,"duneons:doubleaxe":4,"minecraft:stone_bricks":27,"duneons:mossendirt":1,"minecraft:kelp":6,"duneons:giter":4,"duneons:crumsoncoresword":5,"minecraft:wheat_seeds":2,"minecraft:spruce_planks":158,"duneons:brikercolon":2,"duneons:elytepowerbow":1,"minecraft:poppy":2,"minecraft:iron_pickaxe":4,"minecraft:chest":1,"minecraft:prismarine":158,"minecraft:iron_sword":1,"minecraft:book":48,"minecraft:stick":86,"duneons:cutlass":5,"minecraft:sweet_berries":48,"minecraft:quartz":28,"minecraft:porkchop":8,"minecraft:spruce_sapling":115,"duneons:latticebriker":8,"minecraft:ink_sac":10,"minecraft:carrot":9,"minecraft:spruce_log":59,"minecraft:spruce_door":7,"alexsmobs:animal_dictionary":5,"duneons:dungeonbarrel":1,"inventorypets:pet_chest":5,"minecraft:arrow":15,"minecraft:rotten_flesh":67,"minecraft:diamond":6,"minecraft:stone_axe":3,"duneons:stackofbooks":1,"minecraft:bone_meal":4,"minecraft:emerald":3,"inventorypets:nugget_diamond":8,"minecraft:snowball":53,"minecraft:mutton":4,"minecraft:cod":28,"minecraft:white_wool":18,"minecraft:sponge":18},"minecraft:crafted":{"minecraft:crafting_table":1,"minecraft:spruce_planks":124,"minecraft:wooden_pickaxe":2,"minecraft:spruce_door":3,"minecraft:stick":12,"minecraft:wooden_axe":3},"minecraft:killed_by":{"minecraft:vindicator":1,"minecraft:player":1,"minecraft:skeleton":1,"minecraft:guardian":3,"minecraft:drowned":4,"duneons:wraith":7,"duneons:ancient_guardian":2},"minecraft:used":{"duneons:mossendirt":1,"minecraft:water_bucket":6,"duneons:dungeonbarrel":1,"minecraft:spruce_door":2,"duneons:latticebriker":4,"minecraft:prismarine":12,"minecraft:spruce_planks":8,"minecraft:chest":1,"minecraft:wooden_pickaxe":61,"minecraft:rotten_flesh":6,"duneons:cutlass":22,"minecraft:mutton":7,"minecraft:crafting_table":1,"minecraft:red_bed":1,"minecraft:prismarine_bricks":4,"duneons:crumsoncoresword":2,"minecraft:wooden_axe":37,"duneons:brikercolon":2,"minecraft:chicken":1,"minecraft:iron_pickaxe":24,"minecraft:stone_bricks":21,"minecraft:sweet_berries":29,"minecraft:porkchop":2,"minecraft:bucket":6,"minecraft:potato":1}},"DataVersion":2586}