{"stats":{"minecraft:mined":{"minecraft:prismarine_bricks":4,"minecraft:seagrass":4,"minecraft:tall_seagrass":2,"minecraft:sweet_berry_bush":5,"minecraft:spruce_log":17,"minecraft:spruce_door":1,"treechop:chopped_log":11,"duneons:mossendirt":1,"minecraft:spruce_leaves":123,"minecraft:prismarine":47,"inventorypets:sand_block":1,"minecraft:fern":1,"minecraft:spawner":1},"minecraft:custom":{"minecraft:time_since_rest":9000,"minecraft:damage_taken":3446,"minecraft:sprint_one_cm":83794,"minecraft:walk_one_cm":32458,"minecraft:mob_kills":4,"minecraft:damage_dealt":622,"minecraft:swim_one_cm":82178,"minecraft:interact_with_crafting_table":7,"minecraft:fly_one_cm":136410,"minecraft:open_chest":14,"minecraft:play_one_minute":34065,"minecraft:crouch_one_cm":5923,"minecraft:deaths":11,"minecraft:sneak_time":2440,"minecraft:walk_under_water_one_cm":30135,"minecraft:damage_dealt_resisted":9,"minecraft:jump":670,"minecraft:leave_game":2,"minecraft:time_since_death":8968,"minecraft:walk_on_water_one_cm":27427,"minecraft:climb_one_cm":18921,"minecraft:fall_one_cm":27935},"minecraft:killed":{"minecraft:sheep":3},"minecraft:picked_up":{"minecraft:wooden_axe":3,"minecraft:stick":4,"minecraft:feather":10,"minecraft:splash_potion":1,"minecraft:sweet_berries":28,"minecraft:ink_sac":2,"minecraft:prismarine_bricks":4,"minecraft:spruce_sapling":28,"minecraft:spruce_log":17,"minecraft:carrot":7,"minecraft:map":1,"minecraft:spruce_door":1,"alexsmobs:animal_dictionary":2,"minecraft:bone":15,"minecraft:arrow":3,"duneons:mossendirt":1,"minecraft:wheat_seeds":2,"minecraft:spruce_planks":43,"minecraft:prismarine":47,"minecraft:mutton":4,"minecraft:white_wool":3},"minecraft:killed_by":{"minecraft:drowned":4,"duneons:ancient_guardian":2,"minecraft:skeleton":1,"minecraft:guardian":3},"minecraft:crafted":{"minecraft:crafting_table":1,"minecraft:stick":12,"minecraft:spruce_planks":68,"minecraft:wooden_pickaxe":2,"minecraft:wooden_axe":3,"minecraft:spruce_door":3},"minecraft:used":{"duneons:mossendirt":1,"minecraft:wooden_axe":17,"minecraft:spruce_door":2,"minecraft:prismarine":6,"minecraft:wooden_pickaxe":55,"minecraft:mutton":4,"minecraft:sweet_berries":16,"minecraft:crafting_table":1,"minecraft:prismarine_bricks":3}},"DataVersion":2586}