{"stats":{"minecraft:dropped":{"minecraft:acacia_log":2,"alexsmobs:animal_dictionary":1,"gravestone:obituary":1},"minecraft:mined":{"minecraft:acacia_leaves":1},"minecraft:picked_up":{"minecraft:acacia_log":2},"minecraft:custom":{"minecraft:jump":29,"minecraft:deaths":1,"minecraft:time_since_rest":962,"minecraft:damage_dealt":20,"minecraft:crouch_one_cm":430,"minecraft:play_one_minute":4295,"minecraft:walk_on_water_one_cm":2196,"minecraft:leave_game":1,"minecraft:sprint_one_cm":2040,"minecraft:damage_taken":250,"minecraft:time_since_death":914,"minecraft:walk_one_cm":6103,"minecraft:sneak_time":200,"minecraft:walk_under_water_one_cm":1122,"minecraft:swim_one_cm":2565,"minecraft:drop":4,"minecraft:fall_one_cm":209,"minecraft:fly_one_cm":6818,"minecraft:player_kills":1}},"DataVersion":2586}