{"stats":{"minecraft:mined":{"minecraft:seagrass":4,"minecraft:sweet_berry_bush":5,"minecraft:spruce_log":12,"treechop:chopped_log":7,"duneons:mossendirt":1,"minecraft:spruce_leaves":123,"minecraft:fern":1},"minecraft:custom":{"minecraft:time_since_rest":1281,"minecraft:walk_one_cm":23349,"minecraft:sprint_one_cm":72993,"minecraft:damage_taken":3086,"minecraft:mob_kills":4,"minecraft:damage_dealt":616,"minecraft:swim_one_cm":47763,"minecraft:interact_with_crafting_table":3,"minecraft:fly_one_cm":113193,"minecraft:open_chest":5,"minecraft:crouch_one_cm":4992,"minecraft:play_one_minute":22487,"minecraft:deaths":10,"minecraft:sneak_time":1618,"minecraft:walk_under_water_one_cm":16139,"minecraft:jump":537,"minecraft:leave_game":1,"minecraft:time_since_death":1250,"minecraft:walk_on_water_one_cm":18579,"minecraft:climb_one_cm":18921,"minecraft:fall_one_cm":24893},"minecraft:killed":{"minecraft:sheep":3},"minecraft:picked_up":{"minecraft:wooden_axe":3,"minecraft:stick":2,"minecraft:feather":10,"minecraft:splash_potion":1,"minecraft:sweet_berries":28,"minecraft:spruce_sapling":28,"minecraft:spruce_log":12,"minecraft:carrot":7,"minecraft:map":1,"alexsmobs:animal_dictionary":2,"minecraft:arrow":3,"minecraft:bone":12,"duneons:mossendirt":1,"minecraft:wheat_seeds":2,"minecraft:spruce_planks":43,"minecraft:mutton":4,"minecraft:white_wool":3},"minecraft:killed_by":{"minecraft:drowned":4,"duneons:ancient_guardian":2,"minecraft:skeleton":1,"minecraft:guardian":2},"minecraft:crafted":{"minecraft:crafting_table":1,"minecraft:stick":8,"minecraft:spruce_planks":48,"minecraft:wooden_axe":2},"minecraft:used":{"duneons:mossendirt":1,"minecraft:wooden_axe":6,"minecraft:sweet_berries":16,"minecraft:crafting_table":1}},"DataVersion":2586}