{"stats":{"minecraft:broken":{"minecraft:wooden_pickaxe":1},"minecraft:mined":{"duneons:bluevangardvase":2,"minecraft:red_bed":1,"minecraft:spruce_door":1,"duneons:dungeonbarrel":1,"minecraft:spruce_leaves":125,"minecraft:prismarine":47,"inventorypets:sand_block":1,"minecraft:red_stained_glass_pane":2,"minecraft:spawner":2,"minecraft:prismarine_bricks":4,"minecraft:seagrass":4,"minecraft:tall_seagrass":2,"minecraft:sweet_berry_bush":11,"minecraft:spruce_log":17,"treechop:chopped_log":11,"minecraft:enchanting_table":1,"minecraft:bookshelf":4,"duneons:mossendirt":1,"minecraft:stone_bricks":3,"minecraft:fern":1},"minecraft:dropped":{"minecraft:diamond":3,"minecraft:cod":1,"duneons:crumsoncoresword":1,"inventorypets:pet_chest":1,"inventorypets:pet_squid":1,"duneons:doubleaxe":1},"minecraft:custom":{"minecraft:mob_kills":8,"minecraft:interact_with_crafting_table":7,"minecraft:play_one_minute":46065,"minecraft:damage_dealt_resisted":9,"minecraft:leave_game":2,"minecraft:time_since_death":825,"minecraft:climb_one_cm":18921,"minecraft:time_since_rest":857,"minecraft:sprint_one_cm":111226,"minecraft:damage_taken":4266,"minecraft:walk_one_cm":59660,"minecraft:drop":6,"minecraft:damage_dealt":1673,"minecraft:swim_one_cm":82178,"minecraft:fly_one_cm":180706,"minecraft:open_chest":14,"minecraft:crouch_one_cm":6308,"minecraft:deaths":14,"minecraft:sneak_time":2696,"minecraft:walk_under_water_one_cm":30135,"minecraft:jump":954,"minecraft:walk_on_water_one_cm":40744,"minecraft:fall_one_cm":32593},"minecraft:killed":{"minecraft:vindicator":1,"minecraft:sheep":3,"minecraft:zombie":2},"minecraft:picked_up":{"minecraft:wooden_axe":4,"minecraft:enchanting_table":1,"minecraft:feather":10,"minecraft:splash_potion":1,"minecraft:water_bucket":5,"minecraft:wooden_pickaxe":1,"inventorypets:nugget_lapis":4,"inventorypets:nugget_obsidian":6,"minecraft:prismarine_bricks":4,"minecraft:map":1,"minecraft:lapis_lazuli":1,"minecraft:red_bed":1,"duneons:coin":9,"minecraft:bone":18,"inventorypets:pet_squid":2,"duneons:doubleaxe":1,"minecraft:stone_bricks":3,"duneons:mossendirt":1,"duneons:giter":1,"duneons:crumsoncoresword":1,"minecraft:wheat_seeds":2,"minecraft:spruce_planks":43,"minecraft:prismarine":88,"minecraft:book":12,"minecraft:stick":6,"duneons:cutlass":1,"minecraft:sweet_berries":45,"minecraft:porkchop":2,"minecraft:spruce_sapling":28,"minecraft:ink_sac":4,"minecraft:carrot":7,"minecraft:spruce_log":17,"minecraft:spruce_door":3,"alexsmobs:animal_dictionary":3,"duneons:dungeonbarrel":1,"inventorypets:pet_chest":1,"minecraft:arrow":3,"minecraft:rotten_flesh":1,"minecraft:diamond":3,"minecraft:emerald":2,"inventorypets:nugget_diamond":2,"minecraft:snowball":16,"minecraft:mutton":4,"minecraft:cod":10,"minecraft:white_wool":6,"minecraft:sponge":6},"minecraft:crafted":{"minecraft:crafting_table":1,"minecraft:spruce_planks":68,"minecraft:wooden_pickaxe":2,"minecraft:spruce_door":3,"minecraft:stick":12,"minecraft:wooden_axe":3},"minecraft:killed_by":{"minecraft:vindicator":1,"minecraft:skeleton":1,"minecraft:guardian":3,"minecraft:drowned":4,"duneons:wraith":2,"duneons:ancient_guardian":2},"minecraft:used":{"duneons:mossendirt":1,"duneons:dungeonbarrel":1,"minecraft:spruce_door":2,"minecraft:prismarine":12,"minecraft:wooden_pickaxe":61,"duneons:cutlass":7,"minecraft:mutton":7,"minecraft:crafting_table":1,"minecraft:red_bed":1,"minecraft:prismarine_bricks":4,"duneons:crumsoncoresword":2,"minecraft:wooden_axe":22,"minecraft:stone_bricks":1,"minecraft:sweet_berries":29}},"DataVersion":2586}