{
  "undergarden:undergarden/root": {
    "criteria": {
      "tick": "2024-07-19 18:06:54 -0300"
    },
    "done": true
  },
  "biomesoplenty:biomesoplenty/root": {
    "criteria": {
      "scrubland": "2024-07-19 18:06:54 -0300"
    },
    "done": true
  },
  "inventorypets:root": {
    "criteria": {
      "auto": "2024-07-19 18:06:54 -0300"
    },
    "done": true
  },
  "biomesoplenty:biomesoplenty/all_biomes": {
    "criteria": {
      "scrubland": "2024-07-19 18:06:54 -0300"
    },
    "done": false
  },
  "mowziesmobs:root": {
    "criteria": {
      "custom_test_name": "2024-07-19 18:06:54 -0300"
    },
    "done": true
  },
  "corail_recycler:tutorial/root": {
    "criteria": {
      "auto": "2024-07-19 18:06:54 -0300"
    },
    "done": true
  },
  "DataVersion": 2586
}