{
  "iceandfire:iceandfire/root": {
    "criteria": {
      "tick": "2024-07-22 02:07:55 +0000"
    },
    "done": true
  },
  "inventorypets:root": {
    "criteria": {
      "auto": "2024-07-22 02:07:55 +0000"
    },
    "done": true
  },
  "mowziesmobs:root": {
    "criteria": {
      "custom_test_name": "2024-07-22 02:07:55 +0000"
    },
    "done": true
  },
  "minecraft:adventure/adventuring_time": {
    "criteria": {
      "minecraft:taiga": "2024-07-22 02:07:55 +0000"
    },
    "done": false
  },
  "DataVersion": 2586
}